{"error": false, "size": [1280, 720], "name": "{color=#ffffff}PAJK: {color=#ffffff}Petualangan {color=#d60909}Aneh Joko", "version": "1.0", "location": {"label": {"start": ["game/game/script.rpy", 66], "badend_nama": ["game/game/script.rpy", 100], "choicemasuk_pintu": ["game/game/script.rpy", 324], "choicepintu_janitor": ["game/game/script.rpy", 345], "choicepintu_nameless": ["game/game/script.rpy", 369], "pintuconvergent": ["game/game/script.rpy", 392], "choicehide_ventilasi": ["game/game/script.rpy", 418], "choicehide_alternate": ["game/game/script.rpy", 472], "choicemasuk_jendela": ["game/game/script.rpy", 512], "choicehide_meja": ["game/game/script.rpy", 529], "choicehide_papan": ["game/game/script.rpy", 539], "jendelaconvergent": ["game/game/script.rpy", 549], "choicevent_kanan": ["game/game/script.rpy", 616], "choicevent_kiri": ["game/game/script.rpy", 653], "bridging_2": ["game/game/script.rpy", 700], "choicevent_namaperusahaan": ["game/game/script.rpy", 824], "choicevent_disbis": ["game/game/script.rpy", 843], "converge_bridge": ["game/game/script.rpy", 862], "act2": ["game/game/script.rpy", 908], "choiceevent_distract": ["game/game/script.rpy", 948], "choiceevent_callout": ["game/game/script.rpy", 1001], "act2_converge_final": ["game/game/script.rpy", 1042], "bridge_ending": ["game/game/script.rpy", 1055]}, "define": {"config.check_conflicting_properties": ["game/game/gui.rpy", 15], "gui.accent_color": ["game/game/gui.rpy", 28], "gui.idle_color": ["game/game/gui.rpy", 31], "gui.idle_small_color": ["game/game/gui.rpy", 35], "gui.hover_color": ["game/game/gui.rpy", 38], "gui.selected_color": ["game/game/gui.rpy", 42], "gui.insensitive_color": ["game/game/gui.rpy", 45], "gui.muted_color": ["game/game/gui.rpy", 49], "gui.hover_muted_color": ["game/game/gui.rpy", 50], "gui.text_color": ["game/game/gui.rpy", 53], "gui.interface_text_color": ["game/game/gui.rpy", 54], "gui.text_font": ["game/game/gui.rpy", 60], "gui.name_text_font": ["game/game/gui.rpy", 63], "gui.interface_text_font": ["game/game/gui.rpy", 66], "gui.text_size": ["game/game/gui.rpy", 69], "gui.name_text_size": ["game/game/gui.rpy", 72], "gui.interface_text_size": ["game/game/gui.rpy", 75], "gui.label_text_size": ["game/game/gui.rpy", 78], "gui.notify_text_size": ["game/game/gui.rpy", 81], "gui.title_text_size": ["game/game/gui.rpy", 84], "gui.main_menu_background": ["game/game/gui.rpy", 91], "gui.game_menu_background": ["game/game/gui.rpy", 92], "gui.textbox_height": ["game/game/gui.rpy", 108], "gui.textbox_yalign": ["game/game/gui.rpy", 112], "gui.name_xpos": ["game/game/gui.rpy", 117], "gui.name_ypos": ["game/game/gui.rpy", 118], "gui.name_xalign": ["game/game/gui.rpy", 122], "gui.namebox_width": ["game/game/gui.rpy", 126], "gui.namebox_height": ["game/game/gui.rpy", 127], "gui.namebox_borders": ["game/game/gui.rpy", 131], "gui.namebox_tile": ["game/game/gui.rpy", 135], "gui.dialogue_xpos": ["game/game/gui.rpy", 141], "gui.dialogue_ypos": ["game/game/gui.rpy", 142], "gui.dialogue_width": ["game/game/gui.rpy", 145], "gui.dialogue_text_xalign": ["game/game/gui.rpy", 149], "gui.button_width": ["game/game/gui.rpy", 158], "gui.button_height": ["game/game/gui.rpy", 159], "gui.button_borders": ["game/game/gui.rpy", 162], "gui.button_tile": ["game/game/gui.rpy", 166], "gui.button_text_font": ["game/game/gui.rpy", 169], "gui.button_text_size": ["game/game/gui.rpy", 172], "gui.button_text_idle_color": ["game/game/gui.rpy", 175], "gui.button_text_hover_color": ["game/game/gui.rpy", 176], "gui.button_text_selected_color": ["game/game/gui.rpy", 177], "gui.button_text_insensitive_color": ["game/game/gui.rpy", 178], "gui.button_text_xalign": ["game/game/gui.rpy", 182], "gui.radio_button_borders": ["game/game/gui.rpy", 191], "gui.check_button_borders": ["game/game/gui.rpy", 193], "gui.confirm_button_text_xalign": ["game/game/gui.rpy", 195], "gui.page_button_borders": ["game/game/gui.rpy", 197], "gui.quick_button_borders": ["game/game/gui.rpy", 199], "gui.quick_button_text_size": ["game/game/gui.rpy", 200], "gui.quick_button_text_idle_color": ["game/game/gui.rpy", 201], "gui.quick_button_text_selected_color": ["game/game/gui.rpy", 202], "gui.choice_button_width": ["game/game/gui.rpy", 215], "gui.choice_button_height": ["game/game/gui.rpy", 216], "gui.choice_button_tile": ["game/game/gui.rpy", 217], "gui.choice_button_borders": ["game/game/gui.rpy", 218], "gui.choice_button_text_font": ["game/game/gui.rpy", 219], "gui.choice_button_text_size": ["game/game/gui.rpy", 220], "gui.choice_button_text_xalign": ["game/game/gui.rpy", 221], "gui.choice_button_text_idle_color": ["game/game/gui.rpy", 222], "gui.choice_button_text_hover_color": ["game/game/gui.rpy", 223], "gui.choice_button_text_insensitive_color": ["game/game/gui.rpy", 224], "gui.slot_button_width": ["game/game/gui.rpy", 234], "gui.slot_button_height": ["game/game/gui.rpy", 235], "gui.slot_button_borders": ["game/game/gui.rpy", 236], "gui.slot_button_text_size": ["game/game/gui.rpy", 237], "gui.slot_button_text_xalign": ["game/game/gui.rpy", 238], "gui.slot_button_text_idle_color": ["game/game/gui.rpy", 239], "gui.slot_button_text_selected_idle_color": ["game/game/gui.rpy", 240], "gui.slot_button_text_selected_hover_color": ["game/game/gui.rpy", 241], "config.thumbnail_width": ["game/game/gui.rpy", 244], "config.thumbnail_height": ["game/game/gui.rpy", 245], "gui.file_slot_cols": ["game/game/gui.rpy", 248], "gui.file_slot_rows": ["game/game/gui.rpy", 249], "gui.navigation_xpos": ["game/game/gui.rpy", 259], "gui.skip_ypos": ["game/game/gui.rpy", 262], "gui.notify_ypos": ["game/game/gui.rpy", 265], "gui.choice_spacing": ["game/game/gui.rpy", 268], "gui.navigation_spacing": ["game/game/gui.rpy", 271], "gui.pref_spacing": ["game/game/gui.rpy", 274], "gui.pref_button_spacing": ["game/game/gui.rpy", 277], "gui.page_spacing": ["game/game/gui.rpy", 280], "gui.slot_spacing": ["game/game/gui.rpy", 283], "gui.main_menu_text_xalign": ["game/game/gui.rpy", 286], "gui.frame_borders": ["game/game/gui.rpy", 295], "gui.confirm_frame_borders": ["game/game/gui.rpy", 298], "gui.skip_frame_borders": ["game/game/gui.rpy", 301], "gui.notify_frame_borders": ["game/game/gui.rpy", 304], "gui.frame_tile": ["game/game/gui.rpy", 307], "gui.bar_size": ["game/game/gui.rpy", 319], "gui.scrollbar_size": ["game/game/gui.rpy", 320], "gui.slider_size": ["game/game/gui.rpy", 321], "gui.bar_tile": ["game/game/gui.rpy", 324], "gui.scrollbar_tile": ["game/game/gui.rpy", 325], "gui.slider_tile": ["game/game/gui.rpy", 326], "gui.bar_borders": ["game/game/gui.rpy", 329], "gui.scrollbar_borders": ["game/game/gui.rpy", 330], "gui.slider_borders": ["game/game/gui.rpy", 331], "gui.vbar_borders": ["game/game/gui.rpy", 334], "gui.vscrollbar_borders": ["game/game/gui.rpy", 335], "gui.vslider_borders": ["game/game/gui.rpy", 336], "gui.unscrollable": ["game/game/gui.rpy", 340], "config.history_length": ["game/game/gui.rpy", 348], "gui.history_height": ["game/game/gui.rpy", 352], "gui.history_spacing": ["game/game/gui.rpy", 355], "gui.history_name_xpos": ["game/game/gui.rpy", 359], "gui.history_name_ypos": ["game/game/gui.rpy", 360], "gui.history_name_width": ["game/game/gui.rpy", 361], "gui.history_name_xalign": ["game/game/gui.rpy", 362], "gui.history_text_xpos": ["game/game/gui.rpy", 365], "gui.history_text_ypos": ["game/game/gui.rpy", 366], "gui.history_text_width": ["game/game/gui.rpy", 367], "gui.history_text_xalign": ["game/game/gui.rpy", 368], "gui.nvl_borders": ["game/game/gui.rpy", 376], "gui.nvl_list_length": ["game/game/gui.rpy", 380], "gui.nvl_height": ["game/game/gui.rpy", 384], "gui.nvl_spacing": ["game/game/gui.rpy", 388], "gui.nvl_name_xpos": ["game/game/gui.rpy", 392], "gui.nvl_name_ypos": ["game/game/gui.rpy", 393], "gui.nvl_name_width": ["game/game/gui.rpy", 394], "gui.nvl_name_xalign": ["game/game/gui.rpy", 395], "gui.nvl_text_xpos": ["game/game/gui.rpy", 398], "gui.nvl_text_ypos": ["game/game/gui.rpy", 399], "gui.nvl_text_width": ["game/game/gui.rpy", 400], "gui.nvl_text_xalign": ["game/game/gui.rpy", 401], "gui.nvl_thought_xpos": ["game/game/gui.rpy", 405], "gui.nvl_thought_ypos": ["game/game/gui.rpy", 406], "gui.nvl_thought_width": ["game/game/gui.rpy", 407], "gui.nvl_thought_xalign": ["game/game/gui.rpy", 408], "gui.nvl_button_xpos": ["game/game/gui.rpy", 411], "gui.nvl_button_xalign": ["game/game/gui.rpy", 412], "gui.language": ["game/game/gui.rpy", 421], "quick_menu": ["game/game/screens.rpy", 267], "gui.history_allow_tags": ["game/game/screens.rpy", 996], "config.nvl_list_length": ["game/game/screens.rpy", 1423], "bubble.frame": ["game/game/screens.rpy", 1532], "bubble.thoughtframe": ["game/game/screens.rpy", 1533], "bubble.properties": ["game/game/screens.rpy", 1535], "bubble.expand_area": ["game/game/screens.rpy", 1561], "config.screen_width": ["game/game/options.rpy", 14], "config.screen_height": ["game/game/options.rpy", 15], "config.name": ["game/game/options.rpy", 18], "config.window_title": ["game/game/options.rpy", 19], "gui.show_name": ["game/game/options.rpy", 24], "config.version": ["game/game/options.rpy", 29], "gui.about": ["game/game/options.rpy", 35], "build.name": ["game/game/options.rpy", 43], "config.has_sound": ["game/game/options.rpy", 52], "config.has_music": ["game/game/options.rpy", 53], "config.has_voice": ["game/game/options.rpy", 54], "config.main_menu_music": ["game/game/options.rpy", 68], "config.enter_transition": ["game/game/options.rpy", 79], "config.exit_transition": ["game/game/options.rpy", 80], "config.intra_transition": ["game/game/options.rpy", 85], "config.after_load_transition": ["game/game/options.rpy", 90], "config.end_game_transition": ["game/game/options.rpy", 95], "config.window": ["game/game/options.rpy", 112], "config.window_show_transition": ["game/game/options.rpy", 117], "config.window_hide_transition": ["game/game/options.rpy", 118], "config.save_directory": ["game/game/options.rpy", 149], "config.window_icon": ["game/game/options.rpy", 156], "soundsoft": ["game/game/script.rpy", 4], "joko": ["game/game/script.rpy", 52], "amanda": ["game/game/script.rpy", 53], "seller": ["game/game/script.rpy", 54], "chg": ["game/game/script.rpy", 55], "unk": ["game/game/script.rpy", 56], "ceo": ["game/game/script.rpy", 57], "akuntan": ["game/game/script.rpy", 58], "satpam": ["game/game/script.rpy", 59], "polisi": ["game/game/script.rpy", 60], "hakim": ["game/game/script.rpy", 61], "center": ["game/game/script.rpy", 62], "left": ["game/game/script.rpy", 63], "right": ["game/game/script.rpy", 64]}, "screen": {"say": ["game/game/screens.rpy", 98], "input": ["game/game/screens.rpy", 175], "choice": ["game/game/screens.rpy", 208], "quick_menu": ["game/game/screens.rpy", 1581], "navigation_main_menu": ["game/game/screens.rpy", 287], "navigation": ["game/game/screens.rpy", 343], "main_menu": ["game/game/screens.rpy", 407], "game_menu": ["game/game/screens.rpy", 472], "about": ["game/game/screens.rpy", 602], "save": ["game/game/screens.rpy", 652], "load": ["game/game/screens.rpy", 659], "file_slots": ["game/game/screens.rpy", 666], "preferences": ["game/game/screens.rpy", 796], "history": ["game/game/screens.rpy", 956], "help": ["game/game/screens.rpy", 1044], "keyboard_help": ["game/game/screens.rpy", 1073], "mouse_help": ["game/game/screens.rpy", 1124], "gamepad_help": ["game/game/screens.rpy", 1147], "confirm": ["game/game/screens.rpy", 1212], "skip_indicator": ["game/game/screens.rpy", 1275], "notify": ["game/game/screens.rpy", 1331], "nvl": ["game/game/screens.rpy", 1370], "nvl_dialogue": ["game/game/screens.rpy", 1402], "bubble": ["game/game/screens.rpy", 1490]}, "transform": {"delayed_blink": ["game/game/screens.rpy", 1293], "notify_appear": ["game/game/screens.rpy", 1342]}, "callable": {"touch": ["game/game/gui.rpy", 433], "small": ["game/game/gui.rpy", 440], "type_soundsoft": ["game/game/script.rpy", 7]}}, "build": {"directory_name": "pajk-1.0", "executable_name": "pajk", "include_update": false, "packages": [{"name": "gameonly", "formats": ["null"], "file_lists": ["all"], "description": "Game-Only Update for Mobile", "update": true, "dlc": false, "hidden": true}, {"name": "pc", "formats": ["zip"], "file_lists": ["windows", "linux", "renpy", "all"], "description": "PC: Windows and Linux", "update": true, "dlc": false, "hidden": false}, {"name": "linux", "formats": ["tar.bz2"], "file_lists": ["linux", "linux_arm", "renpy", "all"], "description": "Linux", "update": true, "dlc": false, "hidden": false}, {"name": "mac", "formats": ["app-zip", "app-dmg"], "file_lists": ["mac", "renpy", "all"], "description": "Macintosh", "update": true, "dlc": false, "hidden": false}, {"name": "win", "formats": ["zip"], "file_lists": ["windows", "renpy", "all"], "description": "Windows", "update": true, "dlc": false, "hidden": false}, {"name": "market", "formats": ["bare-zip"], "file_lists": ["windows", "linux", "mac", "renpy", "all"], "description": "Windows, Mac, Linux for Markets", "update": true, "dlc": false, "hidden": false}, {"name": "steam", "formats": ["zip"], "file_lists": ["windows", "linux", "mac", "renpy", "all"], "description": "steam", "update": true, "dlc": false, "hidden": true}, {"name": "android", "formats": ["directory"], "file_lists": ["android", "all"], "description": "android", "update": false, "dlc": true, "hidden": true}, {"name": "ios", "formats": ["directory"], "file_lists": ["ios", "all"], "description": "ios", "update": false, "dlc": true, "hidden": true}, {"name": "web", "formats": ["zip"], "file_lists": ["web", "renpy", "all"], "description": "web", "update": false, "dlc": true, "hidden": true}], "archives": [["archive", ["all"]]], "documentation_patterns": ["*.html", "*.txt"], "base_patterns": [["*.py", null], ["*.sh", null], ["*.app/", null], ["*.dll", null], ["*.manifest", null], ["*.keystore", null], ["**.rpe", null], ["**.rpe.py", null], ["update.pem", null], ["lib/", null], ["renpy/", null], ["update/", null], ["common/", null], ["update/", null], ["old-game/", null], ["base/", null], ["icon.ico", null], ["icon.icns", null], ["project.json", null], ["log.txt", null], ["errors.txt", null], ["traceback.txt", null], ["image_cache.txt", null], ["text_overflow.txt", null], ["dialogue.txt", null], ["dialogue.tab", null], ["profile_screen.txt", null], ["files.txt", null], ["memory.txt", null], ["tmp/", null], ["game/saves/", null], ["game/bytecode.rpyb", null], ["archived/", null], ["launcherinfo.py", null], ["android.txt", null], ["game/presplash*.*", ["all"]], ["android.json", ["android"]], [".android.json", ["android"]], ["android-*.png", ["android"]], ["android-*.jpg", ["android"]], ["ouya_icon.png", null], ["ios-presplash.*", ["ios"]], ["ios-launchimage.png", null], ["ios-icon.png", null], ["web-presplash.png", ["web"]], ["web-presplash.jpg", ["web"]], ["web-presplash.webp", ["web"]], ["web-icon.png", ["web"]], ["progressive_download.txt", ["web"]], ["steam_appid.txt", null], ["game/cache/bytecode-39.rpyb", ["all"]], ["game/cache/bytecode-311.rpyb", ["web"]], ["game/cache/bytecode-*.rpyb", null], ["game/cache/build_info.json", null], ["game/cache/build_time.txt", null], ["**~", null], ["**.bak", null], ["**/.**", null], ["**/#**", null], ["**/thumbs.db", null], [".*", null], ["**", ["all"]]], "renpy_patterns": [["renpy/common/_compat/**", null], ["renpy/common/_roundrect/**", null], ["renpy/common/_outline/**", null], ["renpy/common/_theme**", null], ["renpy/**__pycache__/**.cpython-39.pyc", ["all"]], ["renpy/**__pycache__", ["all"]], ["**~", null], ["**/#*", null], ["**/.*", null], ["**.old", null], ["**.new", null], ["**.rpa", null], ["**.rpe", null], ["**.rpe.py", null], ["**/steam_appid.txt", null], ["renpy.py", ["all"]], ["renpy/", ["all"]], ["renpy/**.py", ["renpy"]], ["renpy/**.pxd", null], ["renpy/**.pxi", null], ["renpy/**.pyx", null], ["renpy/**.pyc", null], ["renpy/**.pyo", null], ["renpy/common/", ["all"]], ["renpy/common/_compat/**", ["renpy"]], ["renpy/common/**.rpy", ["renpy"]], ["renpy/common/**.rpym", ["renpy"]], ["renpy/common/_compat/**", ["renpy"]], ["renpy/common/**", ["all"]], ["renpy/**", ["all"]], ["lib/*/renpy", null], ["lib/*/renpy.exe", null], ["lib/*/pythonw.exe", null], ["lib/py2-*/", null], ["lib/py*-windows-i686/**", ["windows_i686"]], ["lib/py*-windows-x86_64/**", ["windows"]], ["lib/py*-linux-i686/**", ["linux_i686"]], ["lib/py*-linux-aarch64/**", ["linux_arm"]], ["lib/py*-linux-armv7l/**", ["linux_arm"]], ["lib/py*-linux-*/**", ["linux"]], ["lib/py*-mac-*/**", ["mac"]], ["lib/python2.*/**", null], ["lib/**", ["windows", "linux", "mac", "android", "ios"]], ["renpy.sh", ["linux", "mac"]]], "xbit_patterns": ["**.sh", "lib/py*-linux-*/*", "lib/py*-mac-*/*", "**.app/Contents/MacOS/*"], "version": "1.0", "display_name": "{color=#ffffff}PAJK: {color=#ffffff}Petualangan {color=#d60909}Aneh Joko", "exclude_empty_directories": true, "allow_integrated_gpu": true, "renpy": false, "script_version": true, "destination": "pajk-1.0-dists", "itch_channels": {"*-all.zip": "win-osx-linux", "*-market.zip": "win-osx-linux", "*-pc.zip": "win-linux", "*-win.zip": "win", "*-mac.zip": "osx", "*-linux.tar.bz2": "linux", "*-release.apk": "android"}, "mac_info_plist": {}, "merge": [["linux_i686", "linux"], ["windows_i686", "windows"]], "include_i686": true, "change_icon_i686": true, "android_permissions": [], "_sdk_fonts": false, "update_formats": ["rpu"], "info": {"info": {}, "time": 1734398525.149819, "name": "{color=#ffffff}PAJK: {color=#ffffff}Petualangan {color=#d60909}Aneh Joko", "version": "1.0"}}}